Type ,Initiated By ,Accepted By ,Initiated [ASC] ,Status
Sale,Toasty667 ,Solmyr ,03-11-2009 12:17 AM,Completed
Sale,Hercrox ,Solmyr ,03-11-2009 02:26 AM,Completed
Sale,sdps42012 ,Solmyr ,03-11-2009 03:08 AM,Completed
Sale,davd665 ,Solmyr ,03-11-2009 09:48 AM,Completed
Exchange,boost ,Solmyr ,03-11-2009 03:31 PM,Expired
Sale,ArcherFX ,Solmyr ,03-11-2009 03:47 PM,Completed
Sale,Solmyr ,Timmarus ,09-14-2018 01:21 AM,Completed
Sale,Solmyr ,✍ TʜᴇIɴsᴘɪʀᴇᴅOɴᴇ ,10-08-2018 07:37 PM,Completed
Sale,Solmyr ,Business ,11-12-2018 03:47 AM,Completed
Exchange,Juicy ,Solmyr ,11-15-2018 09:07 PM,Completed
Exchange,Solmyr ,Business ,12-02-2018 09:44 PM,Completed
Exchange,Bandi ,Solmyr ,12-16-2018 05:07 PM,Completed
Purchase,Israinsolutions ,Solmyr ,01-07-2019 10:41 AM,Completed
Exchange,Solmyr ,Honey Singh ,01-07-2019 12:56 PM,Incomplete
Exchange,Solmyr ,Opticals ,01-18-2019 01:51 AM,Completed
Sale,DawDX ,Solmyr ,02-16-2019 03:34 PM,Canceled
Sale,DawDX ,Solmyr ,02-17-2019 02:00 AM,Completed
Sale,SlowZ ,Solmyr ,02-28-2019 04:22 PM,Completed
Sale,Marcos01 ,Solmyr ,02-28-2019 05:27 PM,Completed
Sale,SupremeGod ,Solmyr ,02-28-2019 06:00 PM,Completed
Sale,dafa2019 ,Solmyr ,02-28-2019 10:20 PM,Completed
Sale,hackoly ,Solmyr ,02-28-2019 10:30 PM,Completed
Sale,BlokedUp ,Solmyr ,03-01-2019 01:47 AM,Completed
Sale,VIPStyle ,Solmyr ,03-01-2019 09:20 AM,Completed
Sale,gsxrest8 ,Solmyr ,03-01-2019 10:24 AM,Completed
Sale,Cyox ,Solmyr ,03-01-2019 11:13 AM,Completed
Sale,sgttaylorjack ,Solmyr ,03-01-2019 04:51 PM,Completed
Sale,blackblood5 ,Solmyr ,03-01-2019 06:36 PM,Completed
Sale,ad24 ,Solmyr ,03-02-2019 12:55 AM,Completed
Sale,onlinejones11 ,Solmyr ,03-02-2019 03:49 AM,Completed
Sale,222222,Solmyr ,03-02-2019 03:50 AM,Completed
Sale,polip187 ,Solmyr ,03-02-2019 12:05 PM,Completed
Sale,kiddiescripter2.0 ,Solmyr ,03-02-2019 09:07 PM,Completed
Sale,Freakasod ,Solmyr ,03-02-2019 09:15 PM,Completed
Sale,PercivalPellinore ,Solmyr ,03-02-2019 10:42 PM,Completed
Sale,ItsKorma ,Solmyr ,03-03-2019 04:20 AM,Completed
Sale,polip187 ,Solmyr ,03-03-2019 02:30 PM,Completed
Sale,Norton64 ,Solmyr ,03-03-2019 05:32 PM,Completed
Sale,Moldova ,Solmyr ,03-03-2019 06:48 PM,Completed
Sale,XDPD ,Solmyr ,03-03-2019 09:08 PM,Completed
Sale,willynelson ,Solmyr ,03-03-2019 11:14 PM,Completed
Sale,Forz ,Solmyr ,03-04-2019 12:58 AM,Completed
Sale,Living End ,Solmyr ,03-04-2019 06:33 PM,Completed
Sale,Master G ,Solmyr ,03-04-2019 11:49 PM,Completed
Sale,dafa2019 ,Solmyr ,03-05-2019 12:03 AM,Completed
Sale,=-Negative,Solmyr ,03-05-2019 09:57 PM,Completed
Sale,Trojan33100 ,Solmyr ,03-05-2019 10:05 PM,Completed
Sale,adelac70 ,Solmyr ,03-05-2019 10:19 PM,Completed
Sale,PrimeLeader ,Solmyr ,03-05-2019 11:40 PM,Completed
Sale,thedogcampaign ,Solmyr ,03-06-2019 08:20 AM,Completed
Sale,Killer ,Solmyr ,03-06-2019 06:07 PM,Completed
Sale,sandshoe ,Solmyr ,03-06-2019 06:19 PM,Completed
Sale,foxtrott50 ,Solmyr ,03-06-2019 07:50 PM,Completed
Sale,hado97 ,Solmyr ,03-07-2019 05:46 AM,Completed
Sale,machiavello ,Solmyr ,03-07-2019 06:23 PM,Completed
Sale,exampleuser ,Solmyr ,03-07-2019 08:35 PM,Completed
Sale,deliciousdonut12 ,Solmyr ,03-07-2019 09:00 PM,Completed
Sale,prodige ,Solmyr ,03-08-2019 06:48 PM,Completed
Sale,sutteprutte7 ,Solmyr ,03-08-2019 10:27 PM,Completed
Exchange,boost ,Solmyr ,03-09-2019 03:43 AM,Completed
Purchase,Israinsolutions ,Solmyr ,03-09-2019 08:17 AM,Completed
Sale,Bartol ,Solmyr ,03-09-2019 03:08 PM,Completed
Sale,Kenwooodh ,Solmyr ,03-09-2019 04:57 PM,Completed
Sale,gattboyy1212 ,Solmyr ,03-10-2019 11:20 AM,Completed
Sale,LethalUpload ,Solmyr ,03-12-2019 04:31 AM,Completed
Sale,wweissgauff ,Solmyr ,03-13-2019 02:46 PM,Completed
Sale,daemon ,Solmyr ,03-13-2019 06:30 PM,Completed
Sale,angelsflying8668 ,Solmyr ,03-13-2019 07:31 PM,Completed
Sale,kaede01 ,Solmyr ,03-14-2019 10:31 AM,Completed
Sale,LiIUziVert ,Solmyr ,03-14-2019 01:27 PM,Completed
Sale,ceccer ,Solmyr ,03-14-2019 03:58 PM,Completed
Sale,6185198,Solmyr ,03-14-2019 04:07 PM,Completed
Sale,barclay9999 ,Solmyr ,03-14-2019 04:57 PM,Completed
Sale,byabeguwa ,Solmyr ,03-14-2019 05:15 PM,Completed
Sale,Taclysis ,Solmyr ,03-14-2019 07:17 PM,Disputed
Sale,H4Slam ,Solmyr ,03-15-2019 11:56 AM,Incomplete
Sale,PabloSa ,Solmyr ,03-16-2019 06:49 AM,Incomplete
Sale,dakto ,Solmyr ,03-16-2019 11:55 AM,Incomplete
Sale,davd665 ,Solmyr ,03-16-2019 04:51 PM,Incomplete
Sale,justinhadclout ,Solmyr ,03-16-2019 08:50 PM,Incomplete
Sale,fitch23 ,Solmyr ,03-16-2019 09:16 PM,Incomplete
Sale,Peachesi10 ,Solmyr ,03-17-2019 12:35 AM,Incomplete
Sale,Rramaton ,Solmyr ,03-17-2019 01:24 AM,Incomplete
Sale,tvirus00177 ,Solmyr ,03-17-2019 09:49 PM,Incomplete
Sale,LServidores ,Solmyr ,03-17-2019 10:34 PM,Completed
Sale,awesomepvper331 ,Solmyr ,03-18-2019 05:10 AM,Completed
Sale,capojimmy08 ,Solmyr ,03-18-2019 09:07 AM,Completed
Sale,Trev ,Solmyr ,03-18-2019 10:16 AM,Completed
Sale,carlo12c ,Solmyr ,03-18-2019 10:39 AM,Completed
Sale,OneFlex ,Solmyr ,03-18-2019 02:47 PM,Completed
Sale,Hyperbolic0132 ,Solmyr ,03-18-2019 06:34 PM,Completed
Sale,john.corner143k ,Solmyr ,03-18-2019 09:41 PM,Completed
Sale,Withpkeasure ,Solmyr ,03-19-2019 01:07 PM,Completed
Sale,Master in Online Business ,Solmyr ,03-19-2019 02:57 PM,Completed
Sale,timallen ,Solmyr ,03-19-2019 03:01 PM,Completed
Sale,medali047 ,Solmyr ,03-19-2019 04:01 PM,Completed
Sale,MichaelMarasco ,Solmyr ,03-19-2019 04:10 PM,Completed
Sale,magichack3r ,Solmyr ,03-20-2019 01:51 AM,Disputed
Sale,cherrymonster ,Solmyr ,03-20-2019 01:16 PM,Completed
Sale,nickmasterlp ,Solmyr ,03-20-2019 01:44 PM,Completed
Sale,Don Smiles ,Solmyr ,03-20-2019 02:13 PM,Completed
Sale,domino.duck ,Solmyr ,03-20-2019 07:26 PM,Completed
Sale,Wirlax ,Solmyr ,03-20-2019 08:38 PM,Completed
Sale,ForceJew ,Solmyr ,03-20-2019 10:31 PM,Completed
Sale,tpalmer1955 ,Solmyr ,03-21-2019 01:05 AM,Completed
Sale,dontmove ,Solmyr ,03-21-2019 12:13 PM,Completed
Sale,zxc4we003 ,Solmyr ,03-22-2019 08:47 AM,Completed
Sale,Threshold ,Solmyr ,03-27-2019 07:46 PM,Completed
Sale,Do4Got ,Solmyr ,03-27-2019 08:56 PM,Completed
Sale,will1238378 ,Solmyr ,03-28-2019 01:59 AM,Completed
Sale,Walther ,Solmyr ,03-28-2019 06:25 AM,Completed
Sale,Redwolf3221 ,Solmyr ,03-28-2019 09:35 AM,Completed
Sale,Selfpwned ,Solmyr ,03-28-2019 10:06 AM,Completed
Sale,theeraser94 ,Solmyr ,03-28-2019 04:58 PM,Completed
Sale,zoegodd ,Solmyr ,03-28-2019 07:10 PM,Completed
Sale,espirili123 ,Solmyr ,03-29-2019 06:17 AM,Completed
Sale,Vortexing ,Solmyr ,03-29-2019 04:01 PM,Completed
Sale,yanito ,Solmyr ,03-29-2019 09:38 PM,Completed
Sale,Lombarspine ,Solmyr ,03-29-2019 10:02 PM,Completed
Sale,azinarazinar2017 ,Solmyr ,03-30-2019 05:42 AM,Completed
Sale,zubhis ,Solmyr ,03-30-2019 06:55 AM,Completed
Sale,hatetheskill ,Solmyr ,03-30-2019 09:46 AM,Completed
Sale,HK8UE1W ,Solmyr ,03-30-2019 07:46 PM,Completed
Sale,AncientWolf ,Solmyr ,03-30-2019 09:53 PM,Completed
Sale,D3n1s1990 ,Solmyr ,03-31-2019 02:20 AM,Completed
Sale,visit0r ,Solmyr ,03-31-2019 04:38 AM,Completed
Sale,nucleardom ,Solmyr ,03-31-2019 05:40 AM,Completed
Sale,curtpop ,Solmyr ,03-31-2019 06:21 AM,Completed
Sale,elcarlorossi ,Solmyr ,03-31-2019 09:10 AM,Completed
Sale,SomebodyToldM3 ,Solmyr ,03-31-2019 01:06 PM,Completed
Sale,Mrtortillachips ,Solmyr ,04-01-2019 06:22 AM,Completed
Sale,mrlaxy ,Solmyr ,04-01-2019 10:37 AM,Completed
Sale,rootazattacks ,Solmyr ,04-01-2019 12:28 PM,Completed
Sale,sawww ,Solmyr ,04-01-2019 08:26 PM,Completed
Sale,maxlifted ,Solmyr ,04-01-2019 08:27 PM,Completed
Sale,mtcoode55 ,Solmyr ,04-01-2019 08:43 PM,Completed
Sale,geeni ,Solmyr ,04-02-2019 09:44 AM,Completed
Sale,httpsex ,Solmyr ,04-02-2019 12:15 PM,Completed
Sale,miller4242 ,Solmyr ,04-03-2019 12:51 AM,Completed
Sale,somzydavid ,Solmyr ,04-03-2019 07:43 AM,Completed
Sale,asylum.lilith ,Solmyr ,04-03-2019 11:50 AM,Completed
Sale,keronaw ,Solmyr ,04-03-2019 04:51 PM,Completed
Sale,Lerweeks ,Solmyr ,04-03-2019 05:01 PM,Completed
Sale,dizzyfizzy ,Solmyr ,04-03-2019 10:31 PM,Completed
Sale,stargar12 ,Solmyr ,04-04-2019 12:31 AM,Completed
Sale,ghaffarabro1000 ,Solmyr ,04-04-2019 12:45 AM,Completed
Sale,th3online ,Solmyr ,04-04-2019 05:05 AM,Completed
Sale,UmiXoMe ,Solmyr ,04-04-2019 05:20 AM,Completed
Sale,jamesmerke ,Solmyr ,04-04-2019 11:09 AM,Completed
Sale,Zakom13009 ,Solmyr ,04-04-2019 12:01 PM,Completed
Sale,Popeye ,Solmyr ,04-04-2019 02:11 PM,Completed
Sale,sese ,Solmyr ,04-04-2019 05:19 PM,Completed
Sale,( . )_( . ) ,Solmyr ,04-04-2019 10:07 PM,Completed
Sale,r10digi ,Solmyr ,04-04-2019 10:14 PM,Completed
Sale,moo7 ,Solmyr ,04-04-2019 10:50 PM,Completed
Sale,alexi1738 ,Solmyr ,04-05-2019 12:47 AM,Completed
Sale,carissalee ,Solmyr ,04-05-2019 09:57 PM,Completed
Sale,jayjay2020 ,Solmyr ,04-06-2019 12:32 AM,Completed
Sale,DonBuenaVida ,Solmyr ,04-06-2019 10:54 PM,Completed
Sale,gaoyesen1 ,Solmyr ,04-08-2019 12:54 AM,Completed
Sale,Akiirazu ,Solmyr ,04-08-2019 02:41 AM,Completed
Sale,$$CANNEX$$ ,Solmyr ,04-08-2019 05:20 AM,Completed
Sale,jeffali ,Solmyr ,04-08-2019 12:23 PM,Completed
Sale,comerainson ,Solmyr ,04-08-2019 01:44 PM,Completed
Sale,Ogromny ,Solmyr ,04-08-2019 02:29 PM,Completed
Sale,sizzle90991 ,Solmyr ,04-08-2019 06:56 PM,Completed
Sale,codesploit ,Solmyr ,04-08-2019 08:35 PM,Completed
Sale,Jepetox ,Solmyr ,04-08-2019 09:20 PM,Completed
Sale,Mistertombo ,Solmyr ,04-09-2019 08:27 AM,Completed
Sale,itsthebeginningbitch ,Solmyr ,04-10-2019 08:34 AM,Completed
Sale,bolt43215s ,Solmyr ,04-10-2019 09:01 AM,Completed
Sale,vnznfjd29694 ,Solmyr ,04-10-2019 10:46 AM,Completed
Sale,olanvandergaan ,Solmyr ,04-10-2019 02:05 PM,Completed
Sale,artelac ,Solmyr ,04-10-2019 07:03 PM,Completed
Sale,UserZero ,Solmyr ,04-11-2019 02:10 PM,Completed
Sale,ShadowCoder ,Solmyr ,04-11-2019 09:40 PM,Completed
Sale,Champagne ,Solmyr ,04-12-2019 08:44 AM,Completed
Sale,NullRien ,Solmyr ,04-12-2019 05:40 PM,Completed
Sale,StefanBroundic ,Solmyr ,04-12-2019 09:18 PM,Completed
Sale,Mrtortillachips ,Solmyr ,04-13-2019 06:11 AM,Completed
Sale,BestCrypt ,Solmyr ,04-13-2019 07:09 AM,Completed
Sale,sean.cooper167 ,Solmyr ,04-13-2019 10:30 AM,Completed
Sale,Alexishay ,Solmyr ,04-13-2019 02:20 PM,Completed
Sale,xShroud1337 ,Solmyr ,04-13-2019 04:33 PM,Completed
Sale,panan ,Solmyr ,04-14-2019 03:50 AM,Completed
Sale,etizolamvendor ,Solmyr ,04-14-2019 11:15 AM,Completed
Sale,elaoufionepro ,Solmyr ,04-14-2019 11:40 AM,Completed
Sale,kof99 ,Solmyr ,04-14-2019 04:12 PM,Completed
Sale,TheBottle ,Solmyr ,04-14-2019 06:21 PM,Completed
Sale,PeteThePlayer ,Solmyr ,04-14-2019 08:09 PM,Completed
Sale,cody9t ,Solmyr ,04-14-2019 10:21 PM,Completed
Sale,bomboss1 ,Solmyr ,04-14-2019 11:33 PM,Completed
Sale,Key_Stone ,Solmyr ,04-15-2019 10:44 AM,Completed
Sale,OCD ,Solmyr ,04-15-2019 12:17 PM,Completed
Sale,expertini17 ,Solmyr ,04-15-2019 04:44 PM,Completed
Sale,EpyonOZ ,Solmyr ,04-15-2019 11:18 PM,Completed
Sale,yediluo ,Solmyr ,04-16-2019 09:34 AM,Completed
Sale,denisw705 ,Solmyr ,04-16-2019 09:51 AM,Completed
Sale,***W0lf*** ,Solmyr ,04-17-2019 09:25 AM,Completed
Sale,dommdomm22 ,Solmyr ,04-17-2019 06:56 PM,Completed
Sale,dommdomm22 ,Solmyr ,04-18-2019 05:59 AM,Active Deal (since deleted)
Sale,Lordnato ,Solmyr ,04-18-2019 09:06 AM,Active Deal (since deleted)
Sale,nickmasterlp ,Solmyr ,04-18-2019 12:38 PM,Active Deal (since deleted)
Sale,gzone ,Solmyr ,04-18-2019 03:05 PM,Active Deal (since deleted)
Sale,c114033871 ,Solmyr ,04-19-2019 12:50 PM,Active Deal (since deleted)
Sale,saifsyed8904 ,Solmyr ,04-19-2019 03:45 PM,Active Deal (since deleted)
Sale,JohnnyGoQuick ,Solmyr ,04-19-2019 06:39 PM,Active Deal (since deleted)
Sale,8loop8 ,Solmyr ,04-19-2019 08:13 PM,Active Deal (since deleted)
Sale,VPNFlux ,Solmyr ,04-19-2019 08:34 PM,Active Deal (since deleted)
Sale,Nyxxi ,Solmyr ,04-20-2019 03:52 AM,Active Deal (since deleted)
Sale,Rigatoni ,Solmyr ,04-20-2019 07:24 AM,Active Deal (since deleted)
Sale,Ali4526 ,Solmyr ,04-20-2019 02:34 PM,Active Deal (since deleted)
Sale,hackinggold ,Solmyr ,04-20-2019 03:54 PM,Active Deal (since deleted)
Sale,WGhaven ,Solmyr ,04-20-2019 04:56 PM,Active Deal (since deleted)
Sale,Coelloboy ,Solmyr ,04-20-2019 06:36 PM,Active Deal (since deleted)
Sale,Johnnycash ,Solmyr ,04-20-2019 07:40 PM,Active Deal (since deleted)
Sale,cottoncandied ,Solmyr ,04-21-2019 02:08 AM,Active Deal (since deleted)
Sale,Exoticz ,Solmyr ,04-21-2019 10:54 AM,Active Deal (since deleted)
Sale,censoredd ,Solmyr ,04-21-2019 12:02 PM,Active Deal (since deleted)
Sale,littlebabe ,Solmyr ,04-22-2019 04:48 AM,Active Deal (since deleted)
Sale,DeepTrip ,Solmyr ,04-22-2019 05:06 AM,Active Deal (since deleted)
Sale,Jolyuz ,Solmyr ,04-22-2019 04:35 PM,Active Deal (since deleted)
Sale,Hilo67 ,Solmyr ,04-22-2019 06:13 PM,Active Deal (since deleted)
Sale,ooshlav ,Solmyr ,04-22-2019 07:27 PM,Active Deal (since deleted)
Purchase,✍ TʜᴇIɴsᴘɪʀᴇᴅOɴᴇ ,Solmyr ,05-21-2019 06:04 PM,Completed
Sale,Rezpy,Solmyr ,05-26-2019 08:27 PM,Completed
Sale,crackmen,Solmyr ,06-17-2019 04:35 AM,Completed